id,name,email
1,Clarice,cpiff0@pcworld.com
2,Marlee,mgaber1@ucoz.com
3,Calypso,cfairlamb2@ebay.co.uk
4,Shelton,slock3@reuters.com
5,Benyamin,bchattington4@xinhuanet.com
6,Kimbra,kcianni5@amazonaws.com
7,Jaymie,jvandervlies6@zdnet.com
8,Collette,cbalcon7@patch.com
9,Ash,acalverd8@webeden.co.uk
10,Shanna,sshowering9@last.fm
11,Kati,kknowlinga@pbs.org
12,Shena,szamorab@narod.ru
13,George,glutherc@columbia.edu
14,Clem,csokilld@icq.com
15,Anson,amormane@blogtalkradio.com
16,Arturo,abeacockf@ted.com
17,Sheffy,sbullong@booking.com
18,Loydie,lchateneth@goo.ne.jp
19,Leopold,lmartineaui@a8.net
20,Rogers,rluntj@blogger.com
21,Bobbie,bhundleyk@studiopress.com
22,Arlan,acornickl@nydailynews.com
23,Suki,sdunphiem@163.com
24,Tully,tbeeckn@chronoengine.com
25,Mirella,mmarkieo@newyorker.com
26,Nadya,ncoenraetsp@apple.com
27,Kala,kbergeonq@yellowpages.com
28,Vidovic,vstowter@storify.com
29,Eliza,eohogerties@blogspot.com
30,Rachel,rfishleyt@list-manage.com
31,Marcos,mlehrianu@google.cn
32,Aggy,abixleyv@arstechnica.com
33,Langston,lmckernanw@xinhuanet.com
34,Carlene,cwoolseyx@stumbleupon.com
35,Eben,ecrousey@ning.com
36,Nobe,nseylerz@xinhuanet.com
37,Guglielmo,ghessle10@yahoo.co.jp
38,Blondelle,bholehouse11@histats.com
39,Thomasina,tfarry12@ocn.ne.jp
40,Liuka,lwestfrimley13@storify.com
41,Aida,agiacopello14@bluehost.com
42,Rowe,rmaskelyne15@ask.com
43,Dorthea,dgullan16@discovery.com
44,Sarina,sugolotti17@ocn.ne.jp
45,Charyl,cmcilhagga18@vimeo.com
46,Jacqui,jorry19@columbia.edu
47,Holli,hbispham1a@4shared.com
48,Reginald,rrossey1b@hugedomains.com
49,Tersina,tdellascala1c@drupal.org
50,Ari,amorfett1d@topsy.com
51,Leticia,lduinbleton1e@ycombinator.com
52,Bank,bsherme1f@ebay.co.uk
53,Babara,bcoulter1g@surveymonkey.com
54,Ibbie,istutte1h@reuters.com
55,Melitta,mpotkin1i@unc.edu
56,Ofella,ogarn1j@mit.edu
57,Kasey,kgronw1k@technorati.com
58,Lorene,loury1l@bing.com
59,Amity,abiggs1m@geocities.com
60,Hoebart,hbratcher1n@un.org
61,Mara,mcaddell1o@chron.com
62,Krissy,kdougan1p@buzzfeed.com
63,Renate,rscholfield1q@webeden.co.uk
64,Ammamaria,afolley1r@opera.com
65,Fleur,fivers1s@list-manage.com
66,Hana,hchallin1t@miitbeian.gov.cn
67,Cullin,cmolden1u@walmart.com
68,Stanislaw,spoynor1v@elegantthemes.com
69,Colman,cesom1w@uol.com.br
70,Pru,pebbers1x@dion.ne.jp
71,Maye,mmacmorland1y@stumbleupon.com
72,Dominik,dtomisch1z@scientificamerican.com
73,Marianne,mpeeters20@state.tx.us
74,Fiann,fburgh21@joomla.org
75,Effie,emccreagh22@goo.gl
76,Alberta,acowe23@techcrunch.com
77,Orazio,omelanaphy24@youtu.be
78,Clerkclaude,cbeentjes25@google.pl
79,Vallie,vhuster26@blogtalkradio.com
80,Janek,jhallows27@gravatar.com
81,Addie,amcquillin28@odnoklassniki.ru
82,Devon,dletcher29@spiegel.de
83,Violante,vwhitehair2a@nba.com
84,Mickie,mprate2b@weibo.com
85,Carin,cpeaker2c@indiegogo.com
86,Lilah,lberthon2d@angelfire.com
87,Saidee,sreilly2e@tmall.com
88,Izaak,ifountaine2f@linkedin.com
89,Farlee,fwasbey2g@youtu.be
90,Trisha,tkerr2h@last.fm
91,Carree,cgianulli2i@oakley.com
92,Maria,mescale2j@icio.us
93,Lanni,ltrimming2k@nydailynews.com
94,Filmore,fexter2l@si.edu
95,Sanderson,snolli2m@com.com
96,Shay,sthreadgould2n@phoca.cz
97,Raphaela,rmackin2o@si.edu
98,Lilla,lalman2p@opensource.org
99,Riccardo,rwisniowski2q@wikia.com
100,Lani,lsowrey2r@ft.com
101,Gretna,gmcquillen2s@nih.gov
102,Hollie,hbengal2t@nbcnews.com
103,Karrie,kkach2u@opensource.org
104,Rebekah,rkleinplac2v@cbc.ca
105,Christy,cnigh2w@parallels.com
106,Natalina,nlowes2x@wisc.edu
107,Thaddus,tlynam2y@europa.eu
108,Trudie,tmattioni2z@jimdo.com
109,Ramonda,rbracknall30@bandcamp.com
110,Corilla,clarne31@ocn.ne.jp
111,Tobiah,tkeune32@de.vu
112,Lorilee,lloverock33@ted.com
113,Ermanno,eszymonowicz34@ihg.com
114,Jolyn,jdomnick35@ucsd.edu
115,Sella,sdenisevich36@ezinearticles.com
116,Orson,obradnick37@techcrunch.com
117,Nobe,nrickerby38@omniture.com
118,Erica,esearston39@nih.gov
119,Myrtia,mledbury3a@mozilla.com
120,Darla,dfairnie3b@washingtonpost.com
121,Glyn,ginch3c@google.cn
122,Marjy,mmcqueen3d@businessweek.com
123,Merrile,mpitcaithley3e@tripadvisor.com
124,Blinny,brammell3f@auda.org.au
125,Charlie,cjarratt3g@t-online.de
126,Channa,cletty3h@whitehouse.gov
127,Mae,mstrathe3i@arizona.edu
128,Toby,thateley3j@illinois.edu
129,Saxe,sreside3k@soup.io
130,Regan,rswatten3l@ovh.net
131,Yehudi,yriggs3m@istockphoto.com
132,Blanch,bbushen3n@gizmodo.com
133,Garvin,gslayny3o@canalblog.com
134,Krispin,kantuoni3p@deviantart.com
135,Ossie,ogeely3q@guardian.co.uk
136,Leonardo,lcroucher3r@imgur.com
137,Kordula,kgates3s@amazon.co.uk
138,Magda,mtithecote3t@google.ru
139,Lorita,larchell3u@goodreads.com
140,Perren,pdomingues3v@prnewswire.com
141,Falito,fchasles3w@etsy.com
142,Charlie,cwride3x@paypal.com
143,Eloisa,edalgardno3y@canalblog.com
144,Pepita,pnuschke3z@va.gov
145,Orelie,ogettens40@elegantthemes.com
146,Emelyne,egrizard41@census.gov
147,Binny,bdennehy42@mozilla.org
148,Austin,akelledy43@tripod.com
149,Lyn,lloosley44@disqus.com
150,Candi,cdavidson45@icq.com
151,Godart,gbettington46@themeforest.net
152,Ernest,eedmons47@technorati.com
153,Penny,plimpertz48@ocn.ne.jp
154,Bamby,brooze49@washington.edu
155,Randi,rwitcherley4a@ustream.tv
156,Martino,meatttok4b@rakuten.co.jp
157,Elaina,epetlyura4c@independent.co.uk
158,Lucias,ljakubowsky4d@imgur.com
159,Brynn,bkuhndel4e@shareasale.com
160,Randi,rfullerd4f@yolasite.com
161,Philis,pbarczewski4g@youtube.com
162,Hildagard,hblaasch4h@washington.edu
163,Zacherie,zandreucci4i@yelp.com
164,Mortimer,mmullard4j@topsy.com
165,Katrine,kmoxson4k@theguardian.com
166,Yetta,ykemery4l@nsw.gov.au
167,Martina,mfeedome4m@constantcontact.com
168,Ardelia,aringe4n@vinaora.com
169,Maurise,melia4o@hao123.com
170,Hermon,hkahane4p@xinhuanet.com
171,Cherrita,czambonini4q@hostgator.com
172,Roger,rmaccaughen4r@bloglines.com
173,Tracie,tcharleston4s@ning.com
174,Karlens,kgatman4t@slate.com
175,Tobie,tsummerlad4u@delicious.com
176,Freddy,fhessing4v@newyorker.com
177,Jenn,jshotter4w@blinklist.com
178,Cymbre,cduck4x@forbes.com
179,Tiphani,tsandlin4y@hubpages.com
180,Kurtis,kchilderhouse4z@reddit.com
181,Cornie,cmccorley50@people.com.cn
182,Clary,chauger51@yellowbook.com
183,North,nhannond52@oaic.gov.au
184,Devondra,dalison53@sourceforge.net
185,Valenka,vhoofe54@biblegateway.com
186,Claudio,claughtisse55@comsenz.com
187,Melamie,mclell56@umn.edu
188,Trumann,tox57@ox.ac.uk
189,Drucill,dleadbitter58@merriam-webster.com
190,Alexine,ablissett59@mysql.com
191,Ginny,givamy5a@dedecms.com
192,Clotilda,cyellowlea5b@wp.com
193,Inez,ikarlsen5c@gov.uk
194,Stefan,spanting5d@umn.edu
195,Karie,kgolthorpp5e@ucsd.edu
196,Laney,ldimaggio5f@miibeian.gov.cn
197,Isadora,iburland5g@bravesites.com
198,Danita,dknappitt5h@wisc.edu
199,Carmine,cinworth5i@moonfruit.com
200,Wilow,wstellin5j@hugedomains.com
201,Ainslee,aclemmett5k@guardian.co.uk
202,Lilia,lboij5l@spotify.com
203,Deanne,dtomaino5m@craigslist.org
204,Meir,mdachey5n@printfriendly.com
205,Corrianne,cbricknall5o@sitemeter.com
206,Bear,bport5p@ifeng.com
207,Fiona,fwillwood5q@un.org
208,Clementine,ceveling5r@networkadvertising.org
209,Elston,ebedow5s@oracle.com
210,Torr,ttytherton5t@gizmodo.com
211,Nevile,nedlyn5u@thetimes.co.uk
212,Germaine,givankovic5v@linkedin.com
213,Karena,kyouthed5w@sourceforge.net
214,Aldo,afenkel5x@howstuffworks.com
215,Valdemar,vhalsted5y@mail.ru
216,Saundra,shadaway5z@ucsd.edu
217,Margaretta,mgajownik60@wisc.edu
218,Roseanne,rhansbury61@webeden.co.uk
219,Robena,rjenik62@yelp.com
220,Newton,nouchterlony63@google.com.au
221,Cicely,ctideswell64@spotify.com
222,Boycey,bleads65@posterous.com
223,Caleb,ccreech66@macromedia.com
224,Jemima,jstenbridge67@artisteer.com
225,Hamil,hmanilo68@cornell.edu
226,Adella,agerssam69@addthis.com
227,Matias,mparr6a@google.it
228,Yuma,yshreeve6b@wp.com
229,Odetta,ododgshon6c@miitbeian.gov.cn
230,Silvie,sfache6d@yandex.ru
231,Gianni,gbayfield6e@nyu.edu
232,Moreen,mwildber6f@fc2.com
233,Gregoire,ggarrals6g@state.gov
234,Pepito,pbramham6h@1688.com
235,Ashbey,agamage6i@goodreads.com
236,Roseanna,rlittleover6j@go.com
237,Nellie,nslimm6k@t.co
238,Nonna,nogelbe6l@yahoo.com
239,Clea,cbraund6m@slideshare.net
240,Tulley,tstovell6n@chicagotribune.com
241,Yvette,ystilwell6o@psu.edu
242,Wyatan,wbatham6p@europa.eu
243,Melisa,mhesser6q@oracle.com
244,Clywd,chiland6r@sbwire.com
245,Berta,bfleming6s@naver.com
246,Merrick,mpiesing6t@tamu.edu
247,Tadeas,tbigham6u@illinois.edu
248,Carlee,csnasel6v@yelp.com
249,Antone,atomczak6w@homestead.com
250,Neill,nbarnewell6x@sourceforge.net
251,Willamina,whawkey6y@godaddy.com
252,Wells,wpage6z@yahoo.co.jp
253,Clementina,cdalwood70@ox.ac.uk
254,Lynne,lbellingham71@springer.com
255,Otto,ojohns72@google.com
256,Bernelle,bbradburne73@google.nl
257,Dorita,dstillman74@webs.com
258,Noami,necclesall75@hp.com
259,Corrinne,cwingate76@lycos.com
260,Gayler,gterry77@xinhuanet.com
261,Herby,hbarbera78@guardian.co.uk
262,Carrissa,cstreat79@weather.com
263,Ammamaria,agyenes7a@mashable.com
264,Kathye,kblest7b@washingtonpost.com
265,Jacquette,jperchard7c@wiley.com
266,Lynnell,lfranzel7d@fotki.com
267,Carmelita,cvasyutin7e@dell.com
268,Libbey,llaughtisse7f@vimeo.com
269,Forrester,finnis7g@opera.com
270,Eilis,ebiggar7h@goo.gl
271,Whit,wwillment7i@dedecms.com
272,Elizabeth,eellicombe7j@oracle.com
273,Terrell,tharbertson7k@ihg.com
274,Katrina,kmacneachtain7l@abc.net.au
275,Annabell,ahassent7m@patch.com
276,Vere,vpostins7n@skype.com
277,Teddie,tguildford7o@soup.io
278,Normand,nwake7p@mysql.com
279,Natale,nburden7q@wp.com
280,Allan,aparlour7r@squidoo.com
281,Trix,tlydiate7s@mayoclinic.com
282,Bridget,bthaw7t@economist.com
283,Lucila,lgoodbarne7u@google.com.au
284,Nydia,nsanthouse7v@hc360.com
285,Barde,bjosilevich7w@bbb.org
286,Debor,dcolbran7x@google.ca
287,Lethia,lnickoll7y@examiner.com
288,Haskell,hsabate7z@washington.edu
289,Kerry,kchatel80@foxnews.com
290,Lauren,lbrideaux81@usatoday.com
291,Violet,vwinteringham82@icio.us
292,Tabitha,tjosselsohn83@ask.com
293,Malachi,mgilardi84@engadget.com
294,Myrle,mbreeze85@artisteer.com
295,Carr,csteanson86@example.com
296,Lida,lsimper87@washingtonpost.com
297,Isidro,imuzzi88@google.de
298,Ambrosio,aewbach89@europa.eu
299,Gipsy,gcardus8a@shareasale.com
300,Tiffani,thaimes8b@nps.gov
301,Klarrisa,kgibbeson8c@tuttocitta.it
302,Andros,alamberti8d@wordpress.com
303,Carlyle,cfiller8e@technorati.com
304,Krishnah,klundy8f@bloglovin.com
305,Moore,mrawsthorn8g@ed.gov
306,Ole,ohardacre8h@alexa.com
307,Olga,ojenman8i@globo.com
308,Drucy,dlemm8j@purevolume.com
309,Erich,egarioch8k@economist.com
310,Ad,aocassidy8l@amazonaws.com
311,Pearce,pscohier8m@vinaora.com
312,Rosaleen,rlishman8n@webeden.co.uk
313,Robbert,rclewlow8o@census.gov
314,Urban,uferreras8p@mac.com
315,Arlen,achenery8q@macromedia.com
316,Jessalyn,jjoseph8r@wp.com
317,Simonne,sleleu8s@sina.com.cn
318,Eulalie,elathee8t@bbb.org
319,Pooh,pnealand8u@sakura.ne.jp
320,Emelen,ejeannequin8v@mayoclinic.com
321,Roobbie,rrobottham8w@noaa.gov
322,Hardy,hjemmett8x@mit.edu
323,Josey,jdahmke8y@webs.com
324,Mahalia,mthirsk8z@tripadvisor.com
325,Andeee,alethem90@dmoz.org
326,Pasquale,pgull91@stumbleupon.com
327,Donovan,dweerdenburg92@constantcontact.com
328,Symon,soselton93@independent.co.uk
329,Kalinda,kbestar94@cbslocal.com
330,Elset,ejaquemar95@vk.com
331,Lenee,llithcow96@example.com
332,Nev,nnecolds97@sogou.com
333,Dyanne,dshires98@moonfruit.com
334,Nike,nitscovitz99@newsvine.com
335,Flory,fginty9a@dedecms.com
336,Oberon,ozukierman9b@bravesites.com
337,Katey,kosgorby9c@rambler.ru
338,Lenette,lfitzhenry9d@businessweek.com
339,Tessy,tstannislawski9e@buzzfeed.com
340,Peder,plapenna9f@cisco.com
341,Swen,scampanelle9g@businessinsider.com
342,Goldie,gyexley9h@sogou.com
343,Kali,kmaccard9i@un.org
344,Rodolph,rabramin9j@psu.edu
345,Hurley,hpfeffel9k@cbsnews.com
346,Kevin,kvedekhov9l@dion.ne.jp
347,Marty,malloway9m@about.com
348,Duane,dzanussii9n@patch.com
349,Roz,rbastow9o@behance.net
350,Carny,cbenedicto9p@loc.gov
351,Roderich,rweddell9q@facebook.com
352,Genny,gilson9r@amazon.co.uk
353,Denna,dsalan9s@fc2.com
354,Fredra,fshoebrook9t@newsvine.com
355,Thia,tjunkison9u@oakley.com
356,Dyane,dhofner9v@google.co.jp
357,Micheline,mberntssen9w@flavors.me
358,Gregoor,gmalkinson9x@latimes.com
359,Bar,bmewha9y@ucoz.com
360,Augustin,askitterel9z@sitemeter.com
361,Kyle,ksommersa0@ibm.com
362,Quincy,qzapataa1@cargocollective.com
363,Errick,ecripwella2@list-manage.com
364,Zachariah,zfenixa3@privacy.gov.au
365,Cecil,claverocka4@wordpress.org
366,Isahella,ieaglena5@123-reg.co.uk
367,Rik,rcrosfielda6@cocolog-nifty.com
368,Durward,dendleya7@flavors.me
369,Kalvin,kbowmera8@github.io
370,Lynsey,lcansdalla9@buzzfeed.com
371,Dene,djachimakaa@xinhuanet.com
372,Aguste,atutingab@bloomberg.com
373,Maximilien,mmermanac@dedecms.com
374,John,jsarllad@usda.gov
375,Minni,mgrisdaleae@dot.gov
376,Ronni,rsteinaf@discuz.net
377,Frederich,fgaylordag@si.edu
378,Roy,rmatthiesenah@wired.com
379,Hayley,hramasai@usatoday.com
380,Troy,ttouretaj@deviantart.com
381,Dyann,dbartczakak@hhs.gov
382,Delainey,dwhitmoreal@symantec.com
383,Shaun,solensbyam@auda.org.au
384,Stephine,sstacean@dailymail.co.uk
385,Ethelda,ebeckinsaleao@nytimes.com
386,Ulysses,uvankovap@wisc.edu
387,Emmerich,ebrightmanaq@cocolog-nifty.com
388,Raquela,rattenbroughar@surveymonkey.com
389,Hildegarde,hkeatas@sakura.ne.jp
390,Britt,bbarfordat@cnbc.com
391,Gisella,gwrassellau@cam.ac.uk
392,Pennie,pgramerav@goodreads.com
393,Elena,edoogoodaw@icio.us
394,Queenie,qspradeax@people.com.cn
395,Hodge,hspinelliay@desdev.cn
396,Essie,ecometsonaz@latimes.com
397,Leta,lfayterb0@phpbb.com
398,Winston,worrob1@cisco.com
399,Darcee,dbrockhouseb2@cafepress.com
400,Saunderson,smcilwreathb3@biglobe.ne.jp
401,Mickey,mstanwayb4@google.ru
402,Judye,jferreirab5@4shared.com
403,Ulrick,uyub6@bloglines.com
404,Prissie,pmcsperrinb7@adobe.com
405,Misty,mbirdwhistleb8@hc360.com
406,Rurik,rtraharb9@fotki.com
407,Pascale,pcargillba@de.vu
408,Sella,sduligalbb@so-net.ne.jp
409,Blakeley,bogglebiebc@ameblo.jp
410,Parnell,pkleszinskibd@alexa.com
411,Marylynne,mmitchensonbe@ebay.co.uk
412,Illa,iklimptbf@issuu.com
413,Shaun,ssteinsonbg@hexun.com
414,Marilin,mrobiotbh@timesonline.co.uk
415,Gloriana,gkemishbi@yellowbook.com
416,Jessika,jgawthropebj@phoca.cz
417,Fredrika,ffribk@reddit.com
418,Hamish,hruddbl@mit.edu
419,Dode,dreinischbm@addtoany.com
420,Rosalind,rkindlebn@epa.gov
421,Lavena,ldenorebo@sina.com.cn
422,Lay,lchezellebp@arstechnica.com
423,Odetta,omearsbq@scribd.com
424,Philippine,phaldenebr@scientificamerican.com
425,Philippine,pclemencebs@photobucket.com
426,Mar,mhulcoopbt@dell.com
427,Devonna,dsouzabu@ca.gov
428,Laurie,lwhiskerdbv@biglobe.ne.jp
429,Minni,mmcgowanbw@google.com.hk
430,Sigfried,sforringtonbx@goodreads.com
431,Fairleigh,frusheby@mapy.cz
432,Rochester,rtakkosbz@disqus.com
433,Jody,jbrisec0@wikimedia.org
434,Garrek,gvannetc1@google.de
435,Igor,iwharfc2@ibm.com
436,Randolph,rgerhardtc3@marketwatch.com
437,Viva,vlemasneyc4@bravesites.com
438,Tamqrah,tbudgeonc5@java.com
439,Keriann,kworkc6@mtv.com
440,Abey,agreenhallc7@slate.com
441,Humfrey,hbaldcockc8@si.edu
442,Paloma,peggerc9@acquirethisname.com
443,Ringo,rwaslingca@meetup.com
444,Matilda,mduligallcb@hatena.ne.jp
445,Vivyan,vkeoghanecc@ucoz.com
446,Raymund,rteacycd@weather.com
447,Georges,gpechtce@zimbio.com
448,Jacquette,jcooneycf@bloomberg.com
449,Terrance,talvincg@cocolog-nifty.com
450,Zena,zcolombierch@discuz.net
451,Else,ebrokenshawci@prweb.com
452,Darcy,dmillikencj@ifeng.com
453,Lucias,lolehaneck@mysql.com
454,Kimmie,ksimonoucl@mashable.com
455,Tull,tandrejeviccm@statcounter.com
456,Fay,fgosneyecn@ask.com
457,Nathalia,nagostinico@sphinn.com
458,Keenan,kcarlillcp@51.la
459,Justus,jdunnettcq@ehow.com
460,Malva,mfonzocr@paginegialle.it
461,Liane,lbiercs@example.com
462,Cyrill,cmcneilct@themeforest.net
463,Katie,ksuettcu@taobao.com
464,Joane,jasberycv@geocities.jp
465,Phelia,psugdencw@hao123.com
466,Gardener,gloadsmancx@odnoklassniki.ru
467,Bobby,bstonbridgecy@usatoday.com
468,Leese,lmccafferkycz@reverbnation.com
469,Dunc,dpeytod0@dropbox.com
470,Cristi,ckenelind1@nytimes.com
471,Reinhold,rdurnilld2@moonfruit.com
472,Zorah,zminocchid3@stanford.edu
473,Florenza,flopesd4@ftc.gov
474,Darlene,dswynd5@newsvine.com
475,Bronnie,beffemyd6@php.net
476,Nil,nrippingd7@nba.com
477,Selina,sdraperd8@dmoz.org
478,Mata,mbranneyd9@sciencedaily.com
479,Tedi,thareda@vinaora.com
480,Scarface,sspadonidb@google.ca
481,Raquel,rrowbothamdc@instagram.com
482,Troy,tscotchmurdd@google.com.br
483,Desmund,drobesonde@w3.org
484,Renie,rhameldf@accuweather.com
485,Genia,galdwichdg@aboutads.info
486,Alex,ajerromesdh@bigcartel.com
487,Viva,vsteketeedi@nymag.com
488,Clayton,cfilderydj@printfriendly.com
489,Josy,jdanielkiewiczdk@nationalgeographic.com
490,Betsy,bkingescotdl@cbsnews.com
491,Melania,mlavensdm@wordpress.org
492,Fonz,fhinckesdn@360.cn
493,Frazier,fpappindo@google.ru
494,Perry,pshedddp@tinyurl.com
495,Gene,galvarodq@prweb.com
496,Manfred,mmurdendr@booking.com
497,Estelle,emicheletds@taobao.com
498,Jillane,jpithiedt@artisteer.com
499,Ysabel,ysunderlanddu@bluehost.com
500,Finlay,fblackwaydv@nydailynews.com
